{"cameraMode":{"drawMode":0,"name":"Shaded","section":"Shading Mode"},"sceneLighting":true,"audioPlay":false,"sceneViewState":{"showFog":false,"showMaterialUpdate":false,"showSkybox":false,"showFlares":false,"showImageEffects":false,"showParticleSystems":false},"in2DMode":false,"pivot":{"x":76.07164764404297,"y":114.46757507324219,"z":81.30513763427735},"rotation":{"x":0.016883136704564096,"y":-0.9374032020568848,"z":0.34485769271850588,"w":0.04647575318813324},"size":27.24979019165039,"orthographic":false}